<?xml version="1.0" encoding="UTF-8"?>
<!DOCTYPE mapper PUBLIC "-//mybatis.org//DTD Mapper 3.0//EN"
"http://mybatis.org/dtd/mybatis-3-mapper.dtd">
<mapper namespace="mapSQL">
	
	<select id="selectSearchTotalContents" resultType="_int">
		SELECT COUNT(*) FROM ART
	</select>
 
 	<select id="selectSearchList" resultType="Art">
 		SELECT ART_NO, ART_ID, ART_TITLE, START_DATE, END_DATE, ART_PLACE, ART_IMG, ART_GENRE, ART_STATUS, ART_OPENRUN, ART_AREA
		FROM ART
 	</select>
 
 	<!-- index to searchList  -->
 	<select id="searchInfo" parameterType="String" resultType="Art">
 		SELECT ART_NO, ART_ID, ART_TITLE, START_DATE, END_DATE, ART_PLACE, ART_IMG, ART_GENRE, ART_STATUS, ART_OPENRUN, ART_AREA
		FROM ART
		WHERE ART_ID LIKE '%' || #{pname} || '%'
			  OR ART_TITLE LIKE '%' || #{pname} || '%'
			  OR ART_PLACE LIKE '%' || #{pname} || '%'
			  OR ART_GENRE LIKE '%' || #{pname} || '%'
			  OR ART_STATUS LIKE '%' || #{pname} || '%'
			  OR ART_OPENRUN LIKE '%' || #{pname} || '%'
			  OR ART_AREA LIKE '%' || #{pname} || '%'
 	</select>
 
 	<!-- index to searchList  -->
 	<select id="searchInfototal" parameterType="String" resultType="_int">
 		SELECT COUNT(*) 
 		FROM ART 
 		WHERE ART_ID LIKE '%' || #{pname} || '%'
			  OR ART_TITLE LIKE '%' || #{pname} || '%'
			  OR ART_PLACE LIKE '%' || #{pname} || '%'
			  OR ART_GENRE LIKE '%' || #{pname} || '%'
			  OR ART_STATUS LIKE '%' || #{pname} || '%'
			  OR ART_OPENRUN LIKE '%' || #{pname} || '%'
			  OR ART_AREA LIKE '%' || #{pname} || '%'
 	</select>	
 
</mapper>
















