<?xml version="1.0" encoding="UTF-8"?>
<!DOCTYPE mapper PUBLIC "-//mybatis.org//DTD Mapper 3.0//EN"
"http://mybatis.org/dtd/mybatis-3-mapper.dtd">
<mapper namespace="memberSQL">
	<!-- 선언부 resultMap, include-sql -->
	
	<resultMap id="resultMember" type="Member">
		<result column="hobby"  property="hobby"  typeHandler="MyTypeHandler"/>
	</resultMap>
	
	<!-- CRUD SQL 선언부 -->
	<insert id="insertMember" parameterType="Member">
		INSERT INTO MEMBER VALUES( SEQ_USERNO.NEXTVAL, #{ userId }, #{ password }, #{ userName }, #{ gender }, #{ age }, #{ phone }, 
		#{ email }, 2, SYSDATE  )
	</insert>
	
	
		
	<select id="selectOne" parameterType="string" resultMap="resultMember">
		SELECT * FROM MEMBER WHERE USERID = #{ userId }	
	</select>
	
	<update id="updateMember" parameterType="Member">
	
		UPDATE MEMBER 
		SET EMAIL = #{ email }, USERNAME = #{ userName }, AGE = #{ age },
		    PHONE = #{ phone }
		WHERE USERID = #{ userId }
	
	</update>
	
	<delete id="deleteMember" parameterType="string">
		DELETE FROM MEMBER WHERE USERID = #{ userId }	
	</delete>
	
	<select id="checkIdDuplicate" statementType="CALLABLE" parameterType="hashmap" >
		{ CALL ID_DUP_CHECK( #{ userId, mode=IN, jdbcType=VARCHAR }, 
		                     #{ result, mode=OUT, jdbcType=NUMERIC, javaType=integer }) }		                   
	</select>
	
	<select id="idFind" parameterType="string" resultMap="resultMember">
		SELECT * FROM MEMBER WHERE PHONE = #{ phone }	
	</select>
	
	<update id="changePw" parameterType="string">
		UPDATE MEMBER 
		SET PASSWORD = #{ password }
		WHERE USERID = #{ userId }
	</update>
	
	
	
	
	
	
	
	
	
	
	
	
	
	

</mapper>
