<?xml version="1.0" encoding="UTF-8"?>
<!DOCTYPE mapper PUBLIC "-//mybatis.org//DTD Mapper 3.0//EN"
"http://mybatis.org/dtd/mybatis-3-mapper.dtd">
<mapper namespace="playSQL">

	<select id="selectPlayList" resultType="com.kh.spring.play.model.vo.Play">
		SELECT A.ART_NO, ART_ID, ART_TITLE, START_DATE, END_DATE, ART_PLACE, ART_IMG, ART_GENRE, ART_STATUS, ART_OPENRUN, ART_AREA
		FROM ART A
		<if test="artArea != '전체'">
		WHERE ART_Area = #{ artArea }
		</if>
		ORDER BY ART_NO ASC
	</select>
	
	<select id="selectPlayTotalContents" resultType="int">
		SELECT COUNT(*) FROM ART
		<if test="artArea != '전체'">
		WHERE ART_Area = #{ artArea }
		</if>
	</select>
	
	<select id="selectOnePlay" parameterType="int" resultType="Play">
		SELECT ART_NO,ART_ID, ART_TITLE, START_DATE, END_DATE, ART_PLACE, ART_IMG, ART_GENRE, ART_AREA
		FROM ART WHERE ART_NO = #{artNo}
	</select>
	
</mapper>
















