<?xml version="1.0" encoding="UTF-8"?>
<beans:beans xmlns="http://www.springframework.org/schema/mvc"
	xmlns:xsi="http://www.w3.org/2001/XMLSchema-instance"
	xmlns:beans="http://www.springframework.org/schema/beans"
	xmlns:context="http://www.springframework.org/schema/context"
	xmlns:aop="http://www.springframework.org/schema/aop"
	xsi:schemaLocation="http://www.springframework.org/schema/mvc https://www.springframework.org/schema/mvc/spring-mvc.xsd
		http://www.springframework.org/schema/beans https://www.springframework.org/schema/beans/spring-beans.xsd
		http://www.springframework.org/schema/context https://www.springframework.org/schema/context/spring-context.xsd
		http://www.springframework.org/schema/aop http://www.springframework.org/schema/aop/spring-aop.xsd">

	<!-- DispatcherServlet Context: defines this servlet's request-processing infrastructure -->
	
	<!-- Enables the Spring MVC @Controller programming model -->
	<annotation-driven />

	<!-- Handles HTTP GET requests for /resources/** by efficiently serving up static resources in the ${webappRoot}/resources directory -->
	<resources mapping="/resources/**" location="/resources/" />

	<!-- Resolves views selected for rendering by @Controllers to .jsp resources in the /WEB-INF/views directory -->
	<beans:bean class="org.springframework.web.servlet.view.InternalResourceViewResolver">
		<beans:property name="prefix" value="/WEB-INF/views/" />
		<beans:property name="suffix" value=".jsp" />
	</beans:bean>
	
	<!-- @ResponseBody 사용을 위한 jackson 객체 의존성 주입 -->
	<beans:bean id="jacksonMessageConverter" class="org.springframework.http.converter.json.MappingJackson2HttpMessageConverter"/>
	
	<beans:bean class="org.springframework.web.servlet.mvc.method.annotation.RequestMappingHandlerAdapter">
		<beans:property name="messageConverters">
			<beans:list>
				<beans:ref bean="jacksonMessageConverter"/>
			</beans:list>
		</beans:property>
	</beans:bean>
	
	<!-- 인터셉터 등록하기 -->
	<interceptors>
		<interceptor>
			<mapping path="/member/memberView.do"/>
			<mapping path="/member/memberUpdate.do"/>
			<mapping path="/board/**/*.do" />
			<mapping path="/notice/**/*.do" />
			<mapping path="/play/**/*.do" />
			<mapping path="/wish/**/*.do" />
			<mapping path="/ticketing/**/*.do" />
			<exclude-mapping path="/board/boardList.do" />			
			<exclude-mapping path="/notice/noticeList.do" />
			<exclude-mapping path="/play/playList.do" />
			<exclude-mapping path="/play/playTestView.do" />	
			<beans:bean id="loginCheck" class="com.kh.spring.common.LoginInterceptor"/>
		</interceptor>
	</interceptors>
	
	<!-- MultipartResolver : 파일 업로드를 처리하는 클래스 -->
	<beans:bean id="multipartResolver" class="org.springframework.web.multipart.commons.CommonsMultipartResolver">
		<beans:property name="maxUploadSize" value="10485760"/> <!-- 최대 파일 크기 -->
	</beans:bean>
	
	<!-- #7 aop 선언 -->
	<aop:aspectj-autoproxy/>	
	
	
	
	
	<context:component-scan base-package="com.kh.spring" />
	
	
	
</beans:beans>
